academy_awards_589,golden_globes_525
academy_awards_906,golden_globes_827
academy_awards_848,golden_globes_776
academy_awards_178,golden_globes_148
academy_awards_2187,golden_globes_1953
academy_awards_2135,golden_globes_1916
academy_awards_1283,golden_globes_1182
academy_awards_1628,golden_globes_1530
academy_awards_1413,golden_globes_1280
academy_awards_3124,golden_globes_2230
academy_awards_1074,golden_globes_984
academy_awards_1584,golden_globes_1495
academy_awards_1620,golden_globes_1488
academy_awards_1118,golden_globes_1041
academy_awards_1101,golden_globes_1152
academy_awards_1021,golden_globes_918
academy_awards_509,golden_globes_466
academy_awards_2186,golden_globes_1957
academy_awards_3252,golden_globes_2252
academy_awards_2890,golden_globes_2209
academy_awards_2943,golden_globes_2212
academy_awards_1282,golden_globes_1181
academy_awards_1679,golden_globes_1574
academy_awards_1203,golden_globes_1094
academy_awards_676,golden_globes_615
academy_awards_520,golden_globes_478
academy_awards_458,golden_globes_415
academy_awards_2389,golden_globes_2023
academy_awards_1582,golden_globes_1492
academy_awards_2136,golden_globes_1911
academy_awards_1271,golden_globes_1139
academy_awards_3123,golden_globes_2235
academy_awards_2683,golden_globes_2126
academy_awards_1011,golden_globes_937
academy_awards_1169,golden_globes_1087
academy_awards_290,golden_globes_275
academy_awards_2733,golden_globes_2155
academy_awards_1741,golden_globes_1624
academy_awards_534,golden_globes_476
academy_awards_306,golden_globes_285
academy_awards_2133,golden_globes_1914
academy_awards_2220,golden_globes_1955
academy_awards_1025,golden_globes_936
academy_awards_1065,golden_globes_930
academy_awards_959,golden_globes_870
academy_awards_2686,golden_globes_2129
academy_awards_2185,golden_globes_1952
academy_awards_1284,golden_globes_1194
academy_awards_120,golden_globes_107
academy_awards_1535,golden_globes_1444
academy_awards_902,golden_globes_817
academy_awards_1990,golden_globes_1817
academy_awards_1493,golden_globes_1385
academy_awards_1230,golden_globes_1136
academy_awards_2601,golden_globes_2089
academy_awards_1586,golden_globes_1496
academy_awards_590,golden_globes_508
academy_awards_1280,golden_globes_1188
academy_awards_2237,golden_globes_1977
academy_awards_1281,golden_globes_1179
academy_awards_2145,golden_globes_1844
academy_awards_1911,golden_globes_1732
academy_awards_1366,golden_globes_1243
academy_awards_347,golden_globes_329
academy_awards_2600,golden_globes_2094
academy_awards_183,golden_globes_166
academy_awards_1626,golden_globes_1535
academy_awards_2273,golden_globes_1975
academy_awards_2423,golden_globes_2044
academy_awards_1414,golden_globes_1295
academy_awards_505,golden_globes_455
academy_awards_2239,golden_globes_1964
academy_awards_2948,golden_globes_2214
academy_awards_1910,golden_globes_1749
academy_awards_2839,golden_globes_2182
academy_awards_510,golden_globes_468
academy_awards_2563,golden_globes_2084
academy_awards_299,golden_globes_264
academy_awards_1581,golden_globes_1487
academy_awards_498,golden_globes_424
academy_awards_732,golden_globes_677
academy_awards_990,golden_globes_882
academy_awards_2334,golden_globes_2000
academy_awards_285,golden_globes_221
academy_awards_241,golden_globes_226
academy_awards_2789,golden_globes_2164
academy_awards_119,golden_globes_106
academy_awards_1492,golden_globes_1382
academy_awards_783,golden_globes_732
academy_awards_289,golden_globes_269
academy_awards_1676,golden_globes_1580
academy_awards_454,golden_globes_430
academy_awards_1378,golden_globes_1250
academy_awards_2788,golden_globes_2171
academy_awards_2562,golden_globes_2091
academy_awards_3251,golden_globes_2251
academy_awards_570,golden_globes_523
academy_awards_1831,golden_globes_1687
academy_awards_2735,golden_globes_2146
academy_awards_1443,golden_globes_1346
academy_awards_1502,golden_globes_1383
academy_awards_964,golden_globes_885
academy_awards_307,golden_globes_265
academy_awards_295,golden_globes_261
academy_awards_1623,golden_globes_1533
academy_awards_1675,golden_globes_1575
academy_awards_2234,golden_globes_1970
academy_awards_1780,golden_globes_1661
academy_awards_1167,golden_globes_1079
academy_awards_671,golden_globes_623
academy_awards_497,golden_globes_428
academy_awards_2041,golden_globes_1849
academy_awards_1589,golden_globes_1498
academy_awards_1936,golden_globes_1785
academy_awards_2699,golden_globes_2125
academy_awards_756,golden_globes_674
academy_awards_1416,golden_globes_1294
academy_awards_1539,golden_globes_1438
academy_awards_2017,golden_globes_1824
academy_awards_417,golden_globes_369
academy_awards_723,golden_globes_672
academy_awards_3139,golden_globes_2232
academy_awards_1546,golden_globes_1450
academy_awards_782,golden_globes_731
academy_awards_1888,golden_globes_1735
academy_awards_1377,golden_globes_1255
academy_awards_184,golden_globes_156
academy_awards_173,golden_globes_155
academy_awards_1731,golden_globes_1608
academy_awards_124,golden_globes_103
academy_awards_1783,golden_globes_1646
academy_awards_311,golden_globes_286
academy_awards_1542,golden_globes_1597
academy_awards_615,golden_globes_571
academy_awards_2521,golden_globes_2073
academy_awards_2578,golden_globes_2095
academy_awards_955,golden_globes_821
academy_awards_3202,golden_globes_2247
academy_awards_3484,golden_globes_2272
academy_awards_418,golden_globes_385
academy_awards_843,golden_globes_763
academy_awards_2349,golden_globes_2008
academy_awards_2838,golden_globes_2180
academy_awards_2139,golden_globes_1925
academy_awards_2093,golden_globes_1892
academy_awards_722,golden_globes_676
academy_awards_1220,golden_globes_1131
academy_awards_3136,golden_globes_2233
academy_awards_1673,golden_globes_1570
academy_awards_2198,golden_globes_1960
academy_awards_2512,golden_globes_2068
academy_awards_564,golden_globes_527
academy_awards_2344,golden_globes_2011
academy_awards_2137,golden_globes_1917
academy_awards_2732,golden_globes_2150
academy_awards_2094,golden_globes_1906
academy_awards_1785,golden_globes_1647
academy_awards_459,golden_globes_416
academy_awards_844,golden_globes_764
academy_awards_2566,golden_globes_2093
academy_awards_565,golden_globes_528
academy_awards_2288,golden_globes_1983
academy_awards_2905,golden_globes_2200
academy_awards_3296,golden_globes_2260
academy_awards_1532,golden_globes_1436
academy_awards_2568,golden_globes_2079
academy_awards_353,golden_globes_326
academy_awards_2680,golden_globes_2141
academy_awards_1117,golden_globes_1027
academy_awards_294,golden_globes_266
academy_awards_2850,golden_globes_2186
academy_awards_352,golden_globes_315
academy_awards_1842,golden_globes_1689
academy_awards_2144,golden_globes_1924
academy_awards_2145,golden_globes_1882
academy_awards_170,golden_globes_154
academy_awards_1328,golden_globes_1239
academy_awards_611,golden_globes_583
academy_awards_905,golden_globes_820
academy_awards_3306,golden_globes_2266
academy_awards_1278,golden_globes_1200
academy_awards_2694,golden_globes_2134
academy_awards_1733,golden_globes_1611
academy_awards_433,golden_globes_384
academy_awards_2184,golden_globes_1946
academy_awards_1938,golden_globes_1774
academy_awards_1430,golden_globes_1330
academy_awards_1387,golden_globes_1283
academy_awards_2449,golden_globes_2040
academy_awards_1499,golden_globes_1393
academy_awards_617,golden_globes_564
academy_awards_1671,golden_globes_1569
academy_awards_180,golden_globes_160
academy_awards_784,golden_globes_710
academy_awards_2675,golden_globes_2128
academy_awards_237,golden_globes_206
academy_awards_845,golden_globes_758
academy_awards_457,golden_globes_413
academy_awards_915,golden_globes_819
academy_awards_1542,golden_globes_1439
academy_awards_1273,golden_globes_1191
academy_awards_1881,golden_globes_1737
academy_awards_572,golden_globes_718
academy_awards_907,golden_globes_831
academy_awards_2397,golden_globes_2013
academy_awards_1073,golden_globes_989
academy_awards_2284,golden_globes_1981
academy_awards_169,golden_globes_153
academy_awards_1287,golden_globes_1202
academy_awards_1883,golden_globes_1739
academy_awards_2044,golden_globes_1858
academy_awards_293,golden_globes_284
academy_awards_850,golden_globes_780
academy_awards_860,golden_globes_765
academy_awards_1880,golden_globes_1733
academy_awards_619,golden_globes_580
academy_awards_667,golden_globes_620
academy_awards_1019,golden_globes_916
academy_awards_282,golden_globes_228
academy_awards_3132,golden_globes_2226
academy_awards_36,golden_globes_15
academy_awards_2571,golden_globes_2080
academy_awards_1075,golden_globes_972
academy_awards_455,golden_globes_425
academy_awards_1654,golden_globes_1537
academy_awards_786,golden_globes_714
academy_awards_1996,golden_globes_1809
academy_awards_1447,golden_globes_1335
academy_awards_3187,golden_globes_2240
academy_awards_2095,golden_globes_1897
academy_awards_1654,golden_globes_1412
academy_awards_2232,golden_globes_1973
academy_awards_2142,golden_globes_1918
academy_awards_731,golden_globes_678
academy_awards_2446,golden_globes_2043
academy_awards_1336,golden_globes_1254
academy_awards_2783,golden_globes_2165
academy_awards_1221,golden_globes_1133
academy_awards_1737,golden_globes_1610
academy_awards_339,golden_globes_280
academy_awards_3131,golden_globes_2227
academy_awards_1127,golden_globes_1032
academy_awards_2141,golden_globes_1910
academy_awards_3191,golden_globes_2250
academy_awards_288,golden_globes_268
academy_awards_2504,golden_globes_2054
academy_awards_1272,golden_globes_1184
academy_awards_971,golden_globes_884
academy_awards_182,golden_globes_161
academy_awards_1216,golden_globes_1085
academy_awards_511,golden_globes_473
academy_awards_1068,golden_globes_976
academy_awards_2452,golden_globes_2042
academy_awards_2742,golden_globes_2149
academy_awards_973,golden_globes_876
academy_awards_67,golden_globes_70
academy_awards_2623,golden_globes_2117
academy_awards_1485,golden_globes_1386
academy_awards_504,golden_globes_457
academy_awards_1147,golden_globes_1036
academy_awards_1113,golden_globes_1025
academy_awards_3625,golden_globes_2277
academy_awards_2741,golden_globes_2159
academy_awards_1017,golden_globes_932
academy_awards_343,golden_globes_320
academy_awards_233,golden_globes_217
academy_awards_716,golden_globes_627
academy_awards_1079,golden_globes_985
academy_awards_1580,golden_globes_1482
academy_awards_2190,golden_globes_1961
academy_awards_1497,golden_globes_1404
academy_awards_2731,golden_globes_2147
academy_awards_2515,golden_globes_2060
academy_awards_2050,golden_globes_1856
academy_awards_2338,golden_globes_2007
academy_awards_911,golden_globes_814
academy_awards_561,golden_globes_517
academy_awards_502,golden_globes_460
academy_awards_2738,golden_globes_2161
academy_awards_3420,golden_globes_2269
academy_awards_2598,golden_globes_2087
academy_awards_2092,golden_globes_1891
academy_awards_2086,golden_globes_1901
academy_awards_174,golden_globes_168
academy_awards_2794,golden_globes_2170
academy_awards_536,golden_globes_470
academy_awards_1835,golden_globes_1701
academy_awards_167,golden_globes_115
academy_awards_1727,golden_globes_1620
academy_awards_1984,golden_globes_1783
academy_awards_1381,golden_globes_1284
academy_awards_1887,golden_globes_1740
academy_awards_176,golden_globes_163
academy_awards_70,golden_globes_53
academy_awards_2400,golden_globes_2027
academy_awards_2270,golden_globes_1971
academy_awards_3246,golden_globes_2256
academy_awards_235,golden_globes_218
academy_awards_2040,golden_globes_1860
academy_awards_1077,golden_globes_981
academy_awards_7,golden_globes_3
academy_awards_2634,golden_globes_2121
academy_awards_1329,golden_globes_1240
academy_awards_2315,golden_globes_1986
academy_awards_2787,golden_globes_2166
academy_awards_2463,golden_globes_2050
academy_awards_1339,golden_globes_1247
academy_awards_1496,golden_globes_1395
academy_awards_852,golden_globes_760
academy_awards_1479,golden_globes_1340
academy_awards_729,golden_globes_662
academy_awards_2951,golden_globes_2215
academy_awards_960,golden_globes_874
academy_awards_2835,golden_globes_2185
academy_awards_254,golden_globes_229
academy_awards_2242,golden_globes_1962
academy_awards_1999,golden_globes_1823
academy_awards_2287,golden_globes_1988
academy_awards_2567,golden_globes_2083
academy_awards_449,golden_globes_426
academy_awards_3128,golden_globes_2228
academy_awards_345,golden_globes_316
academy_awards_1629,golden_globes_1543
academy_awards_1384,golden_globes_1292
academy_awards_1489,golden_globes_1384
academy_awards_1876,golden_globes_1699
academy_awards_2627,golden_globes_2112
academy_awards_1583,golden_globes_1481
academy_awards_2145,golden_globes_1920
academy_awards_2390,golden_globes_2017
academy_awards_2145,golden_globes_1804
academy_awards_559,golden_globes_529
academy_awards_1168,golden_globes_1080
academy_awards_1531,golden_globes_1443
academy_awards_1939,golden_globes_1773
academy_awards_2885,golden_globes_2202
academy_awards_3295,golden_globes_2258
academy_awards_2620,golden_globes_2114
academy_awards_409,golden_globes_366
academy_awards_1315,golden_globes_1340
academy_awards_1681,golden_globes_1576
academy_awards_2891,golden_globes_2197
academy_awards_1674,golden_globes_1579
academy_awards_665,golden_globes_618
academy_awards_131,golden_globes_110
academy_awards_1276,golden_globes_1196
academy_awards_1734,golden_globes_1606
academy_awards_1458,golden_globes_1338
academy_awards_854,golden_globes_762
academy_awards_451,golden_globes_419
academy_awards_1631,golden_globes_1507
academy_awards_1170,golden_globes_1083
academy_awards_2842,golden_globes_2181
academy_awards_1023,golden_globes_935
academy_awards_411,golden_globes_368
academy_awards_2036,golden_globes_1855
academy_awards_795,golden_globes_716
academy_awards_1043,golden_globes_919
academy_awards_698,golden_globes_629
academy_awards_1890,golden_globes_1746
academy_awards_567,golden_globes_522
academy_awards_72,golden_globes_60
academy_awards_1072,golden_globes_975
academy_awards_618,golden_globes_565
academy_awards_904,golden_globes_818
academy_awards_238,golden_globes_207
academy_awards_1680,golden_globes_1566
academy_awards_2841,golden_globes_2193
academy_awards_1777,golden_globes_1650
academy_awards_292,golden_globes_283
academy_awards_2294,golden_globes_1990
academy_awards_228,golden_globes_211
academy_awards_1519,golden_globes_1403
academy_awards_2292,golden_globes_1994
academy_awards_2577,golden_globes_2104
academy_awards_445,golden_globes_383
academy_awards_2790,golden_globes_2174
academy_awards_2023,golden_globes_1815
academy_awards_350,golden_globes_323
academy_awards_2038,golden_globes_1850
academy_awards_1269,golden_globes_1134
academy_awards_2546,golden_globes_2067
academy_awards_349,golden_globes_331
academy_awards_1829,golden_globes_1684
academy_awards_3249,golden_globes_2261
academy_awards_2581,golden_globes_2097
academy_awards_1121,golden_globes_1037
academy_awards_1943,golden_globes_1772
academy_awards_1171,golden_globes_1092
academy_awards_967,golden_globes_875
academy_awards_1122,golden_globes_1020
academy_awards_1762,golden_globes_1618
academy_awards_1988,golden_globes_1814
academy_awards_1120,golden_globes_1042
academy_awards_287,golden_globes_267
academy_awards_1776,golden_globes_1656
academy_awards_401,golden_globes_374
academy_awards_608,golden_globes_562
academy_awards_2441,golden_globes_2025
academy_awards_1987,golden_globes_1827
academy_awards_2755,golden_globes_2160
academy_awards_2024,golden_globes_1818
academy_awards_563,golden_globes_510
academy_awards_1764,golden_globes_1617
academy_awards_2070,golden_globes_1863
academy_awards_297,golden_globes_262
academy_awards_2291,golden_globes_1984
academy_awards_1892,golden_globes_1747
academy_awards_5,golden_globes_8
academy_awards_456,golden_globes_420
academy_awards_885,golden_globes_771
academy_awards_2100,golden_globes_1908
academy_awards_1654,golden_globes_1362
academy_awards_1631,golden_globes_1538
academy_awards_2509,golden_globes_2063
academy_awards_234,golden_globes_210
academy_awards_553,golden_globes_513
academy_awards_769,golden_globes_663
academy_awards_725,golden_globes_669
academy_awards_127,golden_globes_101
academy_awards_785,golden_globes_712
academy_awards_3712,golden_globes_2278
academy_awards_1076,golden_globes_973
academy_awards_842,golden_globes_759
academy_awards_918,golden_globes_828
academy_awards_908,golden_globes_832
academy_awards_678,golden_globes_622
academy_awards_1632,golden_globes_1532
academy_awards_3632,golden_globes_2276
academy_awards_2445,golden_globes_2038
academy_awards_136,golden_globes_121
academy_awards_503,golden_globes_463
academy_awards_354,golden_globes_322
academy_awards_1340,golden_globes_1237
academy_awards_1174,golden_globes_1096
academy_awards_1279,golden_globes_1189
academy_awards_1313,golden_globes_1190
academy_awards_185,golden_globes_152
academy_awards_721,golden_globes_668
academy_awards_80,golden_globes_65
academy_awards_186,golden_globes_167
academy_awards_1162,golden_globes_1030
academy_awards_1124,golden_globes_1033
academy_awards_3193,golden_globes_2243
academy_awards_583,golden_globes_514
academy_awards_1126,golden_globes_1024
academy_awards_909,golden_globes_811
academy_awards_78,golden_globes_72
academy_awards_1184,golden_globes_1090
academy_awards_2505,golden_globes_2061
academy_awards_3058,golden_globes_2225
academy_awards_296,golden_globes_271
academy_awards_1383,golden_globes_1286
academy_awards_3000,golden_globes_2217
academy_awards_2888,golden_globes_2201
academy_awards_1579,golden_globes_1483
academy_awards_1682,golden_globes_1582
academy_awards_1330,golden_globes_1236
academy_awards_2884,golden_globes_2210
academy_awards_415,golden_globes_364
academy_awards_247,golden_globes_222
academy_awards_719,golden_globes_666
academy_awards_1176,golden_globes_1084
academy_awards_1946,golden_globes_1824
academy_awards_123,golden_globes_118
academy_awards_3273,golden_globes_2257
academy_awards_10,golden_globes_2
academy_awards_966,golden_globes_886
academy_awards_2678,golden_globes_2132
academy_awards_1227,golden_globes_1138
academy_awards_779,golden_globes_717
academy_awards_1521,golden_globes_1399
academy_awards_1738,golden_globes_1619
academy_awards_1893,golden_globes_1748
academy_awards_1633,golden_globes_1541
academy_awards_2892,golden_globes_2198
academy_awards_13,golden_globes_17
academy_awards_17,golden_globes_14
academy_awards_416,golden_globes_387
academy_awards_2843,golden_globes_2195
academy_awards_507,golden_globes_477
academy_awards_2791,golden_globes_2175
academy_awards_2848,golden_globes_2192
academy_awards_230,golden_globes_213
academy_awards_2626,golden_globes_2111
academy_awards_1654,golden_globes_1457
academy_awards_1541,golden_globes_1434
academy_awards_171,golden_globes_159
academy_awards_566,golden_globes_531
academy_awards_1591,golden_globes_1493
academy_awards_1828,golden_globes_1690
academy_awards_2507,golden_globes_2064
academy_awards_398,golden_globes_379
academy_awards_1181,golden_globes_1089
academy_awards_1385,golden_globes_1287
academy_awards_1637,golden_globes_1529
academy_awards_2241,golden_globes_1966
academy_awards_3063,golden_globes_2224
academy_awards_3190,golden_globes_2245
academy_awards_3369,golden_globes_2267
academy_awards_1225,golden_globes_1149
academy_awards_781,golden_globes_720
academy_awards_862,golden_globes_782
academy_awards_673,golden_globes_611
academy_awards_1630,golden_globes_1528
academy_awards_1631,golden_globes_1458
academy_awards_1567,golden_globes_1441
academy_awards_310,golden_globes_277
academy_awards_508,golden_globes_454
academy_awards_1488,golden_globes_1392
academy_awards_1218,golden_globes_1130
academy_awards_2084,golden_globes_1894
academy_awards_2295,golden_globes_1991
academy_awards_3221,golden_globes_2246
academy_awards_506,golden_globes_475
academy_awards_2191,golden_globes_1947
academy_awards_1945,golden_globes_1775
academy_awards_1024,golden_globes_929
academy_awards_674,golden_globes_612
academy_awards_1333,golden_globes_1253
academy_awards_2657,golden_globes_2118
academy_awards_1998,golden_globes_1812
academy_awards_128,golden_globes_102
academy_awards_1822,golden_globes_1648
academy_awards_400,golden_globes_365
academy_awards_1467,golden_globes_1347
academy_awards_1010,golden_globes_922
academy_awards_399,golden_globes_371
academy_awards_620,golden_globes_579
academy_awards_940,golden_globes_825
academy_awards_2045,golden_globes_1857
academy_awards_2343,golden_globes_2005
academy_awards_675,golden_globes_614
academy_awards_1389,golden_globes_1279
academy_awards_2196,golden_globes_1959
academy_awards_1334,golden_globes_1252
academy_awards_558,golden_globes_530
academy_awards_2523,golden_globes_2036
academy_awards_291,golden_globes_270
academy_awards_179,golden_globes_149
academy_awards_2674,golden_globes_2130
academy_awards_662,golden_globes_575
academy_awards_1275,golden_globes_1186
academy_awards_2286,golden_globes_1987
academy_awards_402,golden_globes_372
academy_awards_1012,golden_globes_924
academy_awards_1735,golden_globes_1616
academy_awards_556,golden_globes_516
academy_awards_1801,golden_globes_1655
academy_awards_1128,golden_globes_1038
academy_awards_3425,golden_globes_2270
academy_awards_3060,golden_globes_2221
academy_awards_1223,golden_globes_1147
academy_awards_1149,golden_globes_1035
academy_awards_1180,golden_globes_1074
academy_awards_1836,golden_globes_1688
academy_awards_1022,golden_globes_920
academy_awards_607,golden_globes_578
academy_awards_2517,golden_globes_2070
academy_awards_993,golden_globes_878
academy_awards_1215,golden_globes_1076
academy_awards_1326,golden_globes_1199
academy_awards_1432,golden_globes_1332
academy_awards_62,golden_globes_57
academy_awards_2042,golden_globes_1861
academy_awards_942,golden_globes_823
academy_awards_2618,golden_globes_2108
academy_awards_3244,golden_globes_2255
academy_awards_2900,golden_globes_2206
academy_awards_562,golden_globes_509
academy_awards_71,golden_globes_63
academy_awards_552,golden_globes_512
academy_awards_346,golden_globes_328
academy_awards_2395,golden_globes_2019
academy_awards_2782,golden_globes_2179
academy_awards_2451,golden_globes_2046
academy_awards_126,golden_globes_105
academy_awards_348,golden_globes_333
academy_awards_726,golden_globes_679
academy_awards_1338,golden_globes_1246
academy_awards_410,golden_globes_382
academy_awards_1114,golden_globes_1029
academy_awards_2503,golden_globes_2065
academy_awards_298,golden_globes_272
academy_awards_2523,golden_globes_2053
academy_awards_2747,golden_globes_2157
academy_awards_2622,golden_globes_2116
academy_awards_19,golden_globes_20
academy_awards_2372,golden_globes_1999
academy_awards_2671,golden_globes_2122
academy_awards_2576,golden_globes_2099
academy_awards_2819,golden_globes_2176
academy_awards_1382,golden_globes_1291
academy_awards_1885,golden_globes_1741
academy_awards_1833,golden_globes_1704
academy_awards_724,golden_globes_671
academy_awards_1435,golden_globes_1325
academy_awards_677,golden_globes_628
academy_awards_1484,golden_globes_1396
academy_awards_776,golden_globes_724
academy_awards_1020,golden_globes_917
academy_awards_849,golden_globes_779
academy_awards_537,golden_globes_472
academy_awards_2122,golden_globes_1903
academy_awards_226,golden_globes_162
academy_awards_554,golden_globes_515
academy_awards_1029,golden_globes_923
academy_awards_560,golden_globes_511
academy_awards_1067,golden_globes_971
academy_awards_175,golden_globes_169
academy_awards_342,golden_globes_319
academy_awards_452,golden_globes_421
academy_awards_963,golden_globes_873
academy_awards_910,golden_globes_812
academy_awards_1236,golden_globes_1143
academy_awards_1710,golden_globes_1573
academy_awards_2632,golden_globes_2123
academy_awards_2614,golden_globes_2086
academy_awards_2778,golden_globes_2154
academy_awards_1896,golden_globes_1743
academy_awards_12,golden_globes_5
academy_awards_2454,golden_globes_2044
academy_awards_1201,golden_globes_1081
academy_awards_3300,golden_globes_2264
academy_awards_548,golden_globes_464
academy_awards_1501,golden_globes_1397
academy_awards_2392,golden_globes_2016
academy_awards_1163,golden_globes_1031
academy_awards_1470,golden_globes_1341
academy_awards_791,golden_globes_719
academy_awards_2688,golden_globes_2140
academy_awards_1487,golden_globes_1388
academy_awards_855,golden_globes_778
academy_awards_1125,golden_globes_1034
academy_awards_1219,golden_globes_1142
academy_awards_2088,golden_globes_1902
academy_awards_1016,golden_globes_938
academy_awards_2147,golden_globes_1919
academy_awards_2740,golden_globes_2145
academy_awards_11,golden_globes_4
academy_awards_60,golden_globes_55
academy_awards_1832,golden_globes_1691
academy_awards_1078,golden_globes_979
academy_awards_2140,golden_globes_1913
academy_awards_59,golden_globes_54
academy_awards_666,golden_globes_619
academy_awards_730,golden_globes_665
academy_awards_2513,golden_globes_2058
academy_awards_2681,golden_globes_2131
academy_awards_2240,golden_globes_1979
academy_awards_1837,golden_globes_1700
academy_awards_1014,golden_globes_925
academy_awards_2565,golden_globes_2092
academy_awards_2447,golden_globes_2041
academy_awards_1439,golden_globes_1327
academy_awards_961,golden_globes_872
academy_awards_1008,golden_globes_880
academy_awards_2000,golden_globes_1821
academy_awards_1393,golden_globes_1285
academy_awards_1540,golden_globes_1432
academy_awards_1784,golden_globes_1665
academy_awards_166,golden_globes_111
academy_awards_2506,golden_globes_2062
academy_awards_1533,golden_globes_1433
academy_awards_213,golden_globes_157
academy_awards_408,golden_globes_375
academy_awards_2247,golden_globes_1980
academy_awards_1944,golden_globes_1781
academy_awards_3189,golden_globes_2244
academy_awards_1101,golden_globes_1205
academy_awards_1226,golden_globes_1126
